"ï»¿""id""",data_inversa,dia_semana,horario,uf,br,km,municipio,causa_acidente,tipo_acidente,classificacao_acidente,fase_dia,sentido_via,condicao_metereologica,tipo_pista,tracado_via,uso_solo,pessoas,mortos,feridos_leves,feridos_graves,ilesos,ignorados,feridos,veiculos,latitude,longitude,regional,delegacia,uop
652493,2025-01-01,quarta-feira,06:20:00,SP,116,225,GUARULHOS,Reacao tardia ou ineficiente do condutor,Tombamento,Com Vitimas Feridas,Pleno dia,Decrescente,Ceu Claro,Multipla,reta_declive,Sim,2,0,1,0,0,1,1,2,"-23,48586772","-46,54075317",SPRF-SP,DEL01-SP,UOP01-DEL01-SP
652519,2025-01-01,quarta-feira,07:50:00,CE,116,"546,2",PENAFORTE,Pista esburacada,Colisao frontal,,Pleno dia,Crescente,Ceu Claro,Simples,Reta,Nao,6,1,1,0,1,4,1,6,"-7,812288","-39,08333306",SPRF-CE,DEL05-CE,UOP03-DEL05-CE
652522,2025-01-01,quarta-feira,08:45:00,PR,369,"88,2",CORNELIO PROCOPIO,Reacao tardia ou ineficiente do condutor,Colisao traseira,Com Vitimas Feridas,Pleno dia,Crescente,Sol,Dupla,reta_aclive,Sim,5,0,3,0,2,0,3,2,"-23,182565","-50,637228",SPRF-PR,DEL07-PR,UOP05-DEL07-PR
652544,2025-01-01,quarta-feira,11:00:00,PR,116,74,CAMPINA GRANDE DO SUL,Reacao tardia ou ineficiente do condutor,Saida de leito carrocavel,Com Vitimas Feridas,Pleno dia,Crescente,Ceu Claro,Dupla,Reta,Nao,5,0,1,0,4,0,1,2,"-25,36517687","-49,04223028",SPRF-PR,DEL01-PR,UOP02-DEL01-PR
652549,2025-01-01,quarta-feira,09:30:00,MG,251,471,FRANCISCO SA,Velocidade Incompativel,Colisao frontal,Com Vitimas Feridas,Pleno dia,Decrescente,Chuva,Simples,curva_declive,Nao,5,0,1,1,1,2,2,4,"-16,46801304","-43,43121303",SPRF-MG,DEL12-MG,UOP01-DEL12-MG
652569,2025-01-01,quarta-feira,10:40:00,MT,70,669,CACERES,Transitar na contramao,Colisao frontal,Com Vitimas Fatais,Pleno dia,Crescente,Ceu Claro,Simples,Reta,Nao,4,2,0,0,1,2,0,5,"-16,04148578","-57,25884017",SPRF-MT,DEL03-MT,UOP02-DEL03-MT
652573,2025-01-01,quarta-feira,12:23:00,RS,116,376,TAPES,Ausencia de reacao do condutor,Saida de leito carrocavel,Com Vitimas Feridas,Pleno dia,Decrescente,Ceu Claro,Dupla,Reta,Nao,2,0,1,0,0,1,1,2,"-30,739714","-51,62594",SPRF-RS,DEL02-RS,UOP02-DEL02-RS
652617,2025-01-01,quarta-feira,17:45:00,SC,101,"207,4",SAO JOSE,Ausencia de reacao do condutor,Colisao traseira,Com Vitimas Feridas,Pleno dia,Crescente,Nublado,Dupla,Reta,Sim,2,0,1,0,1,0,1,2,"-27,60001226","-48,6226467",SPRF-SC,DEL01-SC,UOP01-DEL01-SC
652625,2025-01-01,quarta-feira,18:40:00,MG,116,"708,5",MURIAE,Velocidade Incompativel,Tombamento,Com Vitimas Fatais,Anoitecer,Crescente,Nublado,Simples,Curva,Nao,2,1,0,0,0,1,0,2,"-21,16328873","-42,37968988",SPRF-MG,DEL07-MG,UOP02-DEL07-MG
652648,2025-01-01,quarta-feira,17:00:00,PE,407,"7,4",AFRANIO,Demais falhas mecanicas ou eletricas,Incendio,Sem Vitimas,Pleno dia,Crescente,Ceu Claro,Simples,aclive_curva,Nao,2,0,0,0,2,0,0,1,"-8,47503105","-41,0137105",SPRF-PE,DEL06-PE,UOP02-DEL06-PE
652655,2025-01-01,quarta-feira,20:20:00,SC,101,327,CAPIVARI DE BAIXO,Ingestao de alcool pelo condutor,Colisao com objeto,Sem Vitimas,Pleno dia,Decrescente,Garoa/Chuvisco,Dupla,curva_intersecao_de_vias,Sim,3,0,0,0,2,1,0,3,"-28,42800492","-48,88171497",SPRF-SC,DEL02-SC,UOP01-DEL02-SC
652656,2025-01-01,quarta-feira,20:00:00,MG,381,530,RIO MANSO,Ausencia de reacao do condutor,Colisao traseira,Sem Vitimas,Plena Noite,Decrescente,Chuva,Dupla,Curva,Nao,2,0,0,0,1,1,0,2,"-20,17327539","-44,37545454",SPRF-MG,DEL04-MG,UOP03-DEL04-MG
652671,2025-01-01,quarta-feira,21:00:00,PB,405,"51,8",MARIZOPOLIS,Ingestao de alcool pelo condutor,Colisao frontal,Com Vitimas Feridas,Plena Noite,Decrescente,Ceu Claro,Simples,Curva,Sim,5,0,0,4,1,0,4,2,"-6,846113","-38,366341",SPRF-PB,DEL03-PB,UOP03-DEL03-PB
652687,2025-01-02,quinta-feira,05:45:00,MG,116,"708,5",MURIAE,Velocidade Incompativel,Tombamento,Com Vitimas Feridas,Pleno dia,Crescente,Ceu Claro,Simples,Curva,Nao,6,0,2,1,2,1,3,6,"-21,16328873","-42,37968988",SPRF-MG,DEL07-MG,UOP02-DEL07-MG
652691,2025-01-01,quarta-feira,19:00:00,SC,153,"117,8",CONCORDIA,Ausencia de reacao do condutor,Saida de leito carroÃ§avel,Com Vitimas Feridas,Plena Noite,Crescente,Nublado,Simples,reta_declive,Nao,2,0,1,0,0,1,1,2,"-27,370375","-51,993419",SPRF-SC,DEL07-SC,UOP04-DEL07-SC
652701,2025-01-02,quinta-feira,07:20:00,PR,116,125,FAZENDA RIO GRANDE,Ausencia de reacao do condutor,Colisao traseira,Com Vitimas Feridas,Pleno dia,Crescente,Sol,Dupla,Reta,Sim,4,0,0,1,1,2,1,4,"-25,59505309","-49,31630659",SPRF-PR,DEL01-PR,UOP03-DEL01-PR
652703,2025-01-02,quinta-feira,07:15:00,PB,230,"105,6",MOGEIRO,Condutor Dormindo,Saida de leito carroÃ§avel,Com Vitimas Feridas,Pleno dia,Crescente,Ceu Claro,Dupla,Reta,Nao,1,0,1,0,0,0,1,1,"-7,2075","-35,5248",SPRF-PB,DEL01-PB,UOP02-DEL01-PB
652719,2025-01-02,quinta-feira,06:42:00,MT,163,1102,GUARANTA DO NORTE,Ausencia de reacao do condutor,Tombamento,Com Vitimas Feridas,Pleno dia,Crescente,Garoa/Chuvisco,Dupla,curva_aclive,Nao,4,0,1,2,0,1,3,2,"-9,77791545","-54,90365982",SPRF-MT,DEL06-MT,UOP03-DEL06-MT
652720,2025-01-02,quinta-feira,06:30:00,PR,163,"137,7",CAPITAO LEONIDAS MARQUES,Velocidade Incompativel,Colisao com objeto,Com Vitimas Fatais,Pleno dia,Crescente,Ceu Claro,Dupla,declive_reta,Sim,4,1,0,0,1,2,0,4,"-25,5216371","-53,5943858",SPRF-PR,DEL05-PR,UOP05-DEL05-PR
652729,2025-01-02,quinta-feira,08:20:00,MG,40,"627,5",CONSELHEIRO LAFAIETE,Manobra de mudanca de faixa,Colisao lateral mesmo sentido,Sem Vitimas,Pleno dia,Crescente,Ceu Claro,Simples,Reta,Sim,2,0,0,0,2,0,0,2,"-20,60236514","-43,80699874",SPRF-MG,DEL05-MG,UOP02-DEL05-MG
652736,2025-01-02,quinta-feira,08:19:00,MT,163,826,SINOP,Chuva,Colisao com objeto,Com Vitimas Feridas,Pleno dia,Decrescente,Chuva,Simples,Retorno Regulamentado,Sim,2,0,2,0,0,0,2,1,"-11,9396379","-55,51573103",SPRF-MT,DEL06-MT,UOP02-DEL06-MT
652750,2025-01-02,quinta-feira,11:57:00,PE,232,16,JABOATAO DOS GUARARAPES,Acessar a via sem observar a presenca dos outros veiculos,Colisao traseira,Com Vitimas Feridas,Pleno dia,Crescente,Ceu Claro,Dupla,Reta,Nao,2,0,1,0,1,0,1,2,"-8,09414193","-35,03716601",SPRF-PE,DEL01-PE,UOP01-DEL01-PE
652760,2025-01-02,quinta-feira,13:30:00,PR,116,104,SAO JOSE DOS PINHAIS,Manobra de mudanca de faixa,Colisao lateral mesmo sentido,Com Vitimas Feridas,Pleno dia,Decrescente,Ceu Claro,Multipla,reta_aclive,Nao,5,0,1,0,3,2,1,5,"-25,56472785","-49,15859603",SPRF-PR,DEL01-PR,UOP07-DEL01-PR
652761,2025-01-02,quinta-feira,13:20:00,ES,262,"73,2",MARECHAL FLORIANO,Reacao tardia ou ineficiente do condutor,Colisao com objeto,Com Vitimas Feridas,Pleno dia,Crescente,Ceu Claro,Simples,ponte_declive_curva,Nao,2,0,0,1,0,1,1,2,"-20,41066352","-40,88380166",SPRF-ES,DEL01-ES,UOP02-DEL01-ES
652762,2025-01-02,quinta-feira,13:01:00,PE,101,"46,5",IGARASSU,Reacao tardia ou ineficiente do condutor,Colisao traseira,Sem Vitimas,Pleno dia,Crescente,Sol,Multipla,Reta,Sim,3,0,0,0,2,1,0,3,"-7,87406004","-34,90588126",SPRF-PE,DEL01-PE,UOP02-DEL01-PE
652778,2025-01-02,quinta-feira,14:30:00,RJ,101,331,RIO DE JANEIRO,Ausencia de reacao do condutor,Colisao traseira,Com Vitimas Feridas,Pleno dia,Decrescente,Ceu Claro,Dupla,curva_ponte,Nao,4,0,1,1,2,0,2,2,"-22,867662","-43,195337",SPRF-RJ,DEL02-RJ,UOP01-DEL02-RJ
652781,2025-01-02,quinta-feira,11:30:00,CE,222,292,TIANGUA,Transitar na contramao,Colisao lateral sentido oposto,Com Vitimas Feridas,Pleno dia,Crescente,Sol,Simples,Reta,Nao,3,0,0,1,2,0,1,2,"-3,67390203","-40,88486128",SPRF-CE,DEL04-CE,UOP02-DEL04-CE
652793,2025-01-02,quinta-feira,06:50:00,MA,135,124,MIRANDA DO NORTE,Manobra de mudanca de faixa,Colisao lateral sentido oposto,Com Vitimas Feridas,Pleno dia,Decrescente,Ceu Claro,Simples,Reta,Nao,3,0,1,0,2,0,1,3,"-3,54575653","-44,57616778",SPRF-MA,DEL01-MA,UOP02-DEL01-MA
652796,2025-01-02,quinta-feira,14:00:00,RS,287,316,MATA,Condutor Dormindo,Saida de leito carroÃ§avel,Com Vitimas Feridas,Pleno dia,Crescente,Ceu Claro,Simples,Reta,Nao,1,0,0,1,0,0,1,1,"-29,65140716","-54,53287505",SPRF-RS,DEL09-RS,UOP01-DEL09-RS
652806,2025-01-02,quinta-feira,14:00:00,RJ,116,257,PINHEIRAL,Condutor deixou de manter distancia do veiculo da frente,Colisao traseira,Com Vitimas Feridas,Pleno dia,Decrescente,Nublado,Dupla,Reta,Nao,3,0,3,0,0,0,3,2,"-22,58631777","-44,01407302",SPRF-RJ,DEL07-RJ,UOP01-DEL07-RJ
652812,2025-01-02,quinta-feira,19:20:00,RS,290,"347,8",SAO SEPE,Ausencia de reacao do condutor,Colisao frontal,Com Vitimas Feridas,Anoitecer,Decrescente,Ceu Claro,Simples,Curva,Nao,4,0,0,2,1,2,2,4,"-30,367035","-53,606186",SPRF-RS,DEL09-RS,UOP02-DEL09-RS
652819,2025-01-02,quinta-feira,19:40:00,TO,230,95,SAO BENTO DO TOCANTINS,Ultrapassagem Indevida,Colisao lateral mesmo sentido,Com Vitimas Feridas,Plena Noite,Crescente,Ceu Claro,Simples,Aclive,Nao,2,0,1,0,1,0,1,2,"-6,03546808","-47,92978989",SPRF-TO,DEL02-TO,UOP03-DEL02-TO
652821,2025-01-02,quinta-feira,18:20:00,RJ,393,167,TRES RIOS,Reacao tardia ou ineficiente do condutor,Saida de leito carroÃ§avel,Com Vitimas Feridas,Anoitecer,Decrescente,Ceu Claro,Simples,Curva,Sim,3,0,1,0,1,1,1,2,"-22,12309905","-43,20363803",SPRF-RJ,DEL05-RJ,UOP01-DEL05-RJ
652829,2025-01-02,quinta-feira,15:30:00,PR,376,440,TIBAGI,Ausencia de reacao do condutor,Colisao com objeto,Sem Vitimas,Pleno dia,Crescente,Chuva,Dupla,curva_declive,Nao,2,0,0,0,1,2,0,3,"-24,803598","-50,490267",SPRF-PR,DEL03-PR,UOP02-DEL03-PR
652830,2025-01-02,quinta-feira,15:00:00,PI,135,"49,5",JERUMENHA,Demais falhas mecanicas ou eletricas,Incendio,Sem Vitimas,Pleno dia,Crescente,Ceu Claro,Simples,Reta,Nao,2,0,0,0,1,2,0,3,"-7,13765891","-43,55761904",SPRF-PI,DEL03-PI,UOP01-DEL03-PI
652838,2025-01-02,quinta-feira,20:45:00,GO,364,299,MINEIROS,Reacao tardia ou ineficiente do condutor,Colisao traseira,Com Vitimas Fatais,Plena Noite,Crescente,Nublado,Simples,Reta,Sim,3,1,0,0,1,1,0,3,"-17,559059","-52,528431",SPRF-GO,DEL05-GO,UOP01-DEL05-GO
652842,2025-01-02,quinta-feira,17:15:00,PR,369,"413,2",JURANDA,Demais falhas mecanicas ou eletricas,Colisao frontal,Com Vitimas Fatais,Pleno dia,Crescente,Ceu Claro,Simples,Reta,Nao,7,1,0,3,2,1,3,4,"-24,45282227","-52,84863369",SPRF-PR,DEL04-PR,UOP03-DEL04-PR
652849,2025-01-02,quinta-feira,21:30:00,MG,116,"551,9",SANTA BARBARA DO LESTE,Pedestre andava na pista,Queda de ocupante de veiculo,Com Vitimas Feridas,Plena Noite,Crescente,Ceu Claro,Simples,Reta,Nao,2,0,1,0,1,0,1,2,"-19,98476697","-42,1434265",SPRF-MG,DEL06-MG,UOP02-DEL06-MG
652861,2025-01-03,sexta-feira,00:30:00,GO,20,1,FORMOSA,Reacao tardia ou ineficiente do condutor,Colisao lateral sentido oposto,Sem Vitimas,Plena Noite,Crescente,Chuva,Simples,em_obras_declive_curva,Sim,5,0,0,0,4,1,0,2,"-15,579424","-47,334297",SPRF-DF,DEL02-DF,UOP02-DEL02-DF
652862,2025-01-03,sexta-feira,00:10:00,SC,282,"489,4",FAXINAL DOS GUEDES,Ultrapassagem Indevida,Colisao frontal,Com Vitimas Feridas,Plena Noite,Decrescente,Ceu Claro,Simples,Reta,Nao,8,0,7,0,1,0,7,3,"-26,870375","-52,274731",SPRF-SC,DEL07-SC,UOP01-DEL07-SC
652865,2025-01-03,sexta-feira,03:30:00,MG,381,"484,5",BETIM,Acumulo de agua sobre o pavimento,Saida de leito carroÃ§avel,Com Vitimas Feridas,Plena Noite,Crescente,Chuva,Multipla,curva_declive,Nao,3,0,0,1,1,1,1,3,"-19,95838414","-44,09173965",SPRF-MG,DEL01-MG,UOP03-DEL01-MG
652867,2025-01-03,sexta-feira,04:12:00,PE,101,29,IGARASSU,Manobra de mudanca de faixa,Colisao traseira,Sem Vitimas,Amanhecer,Decrescente,Vento,Dupla,Reta,Nao,2,0,0,0,2,0,0,2,"-7,72939697","-34,94185854",SPRF-PE,DEL01-PE,UOP02-DEL01-PE
652873,2025-01-03,sexta-feira,06:10:00,BA,116,"929,3",ENCRUZILHADA,Transitar na contramao,Colisao frontal,Com Vitimas Fatais,Amanhecer,Crescente,Ceu Claro,Simples,declive_reta,Nao,8,5,0,0,2,3,0,6,"-15,66638","-41,31508",SPRF-BA,DEL08-BA,UOP03-DEL08-BA
652883,2025-01-03,sexta-feira,07:08:00,PB,101,86,BAYEUX,Reacao tardia ou ineficiente do condutor,Colisao traseira,Com Vitimas Feridas,Pleno dia,Crescente,Ceu Claro,Dupla,Reta,Nao,2,0,0,1,1,0,1,2,"-7,123","-34,89",SPRF-PB,DEL01-PB,UOP02-DEL01-PB
652885,2025-01-03,sexta-feira,07:30:00,MG,251,"356,9",FRUTA DE LEITE,Reacao tardia ou ineficiente do condutor,Tombamento,Com Vitimas Feridas,Pleno dia,Decrescente,Nublado,Simples,Reta,Nao,3,0,1,0,1,2,1,3,"-16,27029","-42,56126",SPRF-MG,DEL12-MG,UOP02-DEL12-MG
652889,2025-01-03,sexta-feira,06:30:00,PE,232,276,SERTANIA,Carga excessiva e/ou mal acondicionada,Derramamento de carga,Com Vitimas Feridas,Pleno dia,Crescente,Ceu Claro,Simples,Reta,Nao,3,0,0,1,1,1,1,2,"-8,37073085","-37,26126285",SPRF-PE,DEL04-PE,UOP02-DEL04-PE
652909,2025-01-03,sexta-feira,10:00:00,SP,116,509,CAJATI,Curva acentuada,Tombamento,Com Vitimas Feridas,Pleno dia,Decrescente,Ceu Claro,Simples,curva_declive,Nao,4,0,3,0,0,1,3,2,"-24,82178987","-48,21419034",SPRF-SP,DEL05-SP,UOP02-DEL05-SP
652918,2025-01-03,sexta-feira,09:10:00,RO,364,15,VILHENA,Area urbana sem a presenca de local apropriado para a travessia de pedestres,Colisao lateral sentido oposto,Com Vitimas Feridas,Pleno dia,Decrescente,Nublado,Simples,Reta,Sim,3,0,0,1,1,2,1,4,"-12,73672751","-60,14804088",SPRF-RO,DEL04-RO,UOP01-DEL04-RO